is_wrong,hr_mean_bpm,rmssd_ms,sdnn_ms,resp_rate_mean_bpm,hr_div_rmssd,hr_div_sdnn,rmssd_div_sdnn,hr_div_resp
False,72.68760163299073,100.56543986606253,108.36305665288955,51.15022265318772,1.1321443930572799,0.8043164050257579,0.8447561142770361,1.4217090543477116
True,75.47698667350579,143.9132579575016,149.29318044690115,51.10257931112063,0.8077416592619354,0.6770106297163875,0.9137261484068249,1.4801224847846903
