feature,mean_diff_stress_minus_baseline,mannwhitney_u_p
hr_mean_bpm,3.175160919382506,0.02225929458471822
rmssd_ms,72.36344184647987,2.4828439281947742e-06
resp_rate_mean_bpm,-1.0460615327510752,0.00020076433752116345
