model,accuracy_mean,f1_mean,recall_mean,roc_auc_mean
SVM,0.7746031746031747,0.7250793650793651,0.8,0.8444444444444446
RandomForest,0.7746031746031747,0.7704761904761904,0.9,0.8555555555555555
